ein,plan_name,fund_type,num_participants,num_managers,total_fees,top_manager_concentration,fee_percentile,total_shared_managers,betweenness_score,community_concentration,same_parent_fee_ratio,in_circular_pattern,risk_score,has_manager_data,label
814170527,"BE SUNSHINE, LLC 401(K) PLAN",Multi Employer,146.0,1.0,10483.0,1.0,0.3421686746987952,11111111111111.0,0.0,1.0,0.0,0,5,1,0
872007795,ZIMVIE INC. PUERTO RICO SAVINGS AND INVESTMENT 401(K) PROGRAM,Multi Employer,0.0,4.0,3517.0,0.48791583736138755,0.18795180722891566,1.1121121112111111e+55,582.1295343545348,0.3333333333333333,0.5575774808075064,0,3,1,1
362989662,INTERNATIONAL SHIPHOLDING CORPORATION RETIREMENT PLAN,Multi Employer,0.0,4.0,176437.0,0.5398640874646474,0.9156626506024096,1.1111111111111112e+45,883.3697557344611,0.3333333333333333,0.2349280479717973,0,2,1,1
420885471,"GEATER MACHINING & MANUFACTURING CO., INC. RETIREMENT SAVINGS PLAN",Multi Employer,0.0,3.0,38949.0,0.5077408919356081,0.636144578313253,121.0,0.0,0.5,0.0,0,1,1,1
43028678,"BETTER COMMUNITY LIVING, INC. 401(K) PLAN",Multi Employer,286.0,2.0,7060.0,0.728328611898017,0.27951807228915665,21.0,0.0,1.0,1.0,0,7,1,0
200108244,"SPERIDIAN TECHNOLOGIES, LLC INSURED BENEFITS PLAN",Multi Employer,340.0,1.0,616942.0,1.0,0.983132530120482,11111.0,0.0,1.0,1.0,0,8,1,0
821512790,MONT BELVIEU 401(K) PLAN,Multi Employer,0.0,1.0,9128.0,1.0,0.3156626506024096,11111111.0,0.0,1.0,1.0,0,7,1,0
111992329,HYGRADE METAL MOULDING MANUFACTURING CORP. EMPLOYEE BENEFIT PLAN,Multi Employer,87.0,3.0,42749.0,0.744227935156378,0.6602409638554216,1.1212221131112212e+39,0.0,1.0,0.7481549167076685,0,6,1,0
205094703,"VICTORY THB SMALLCAP FUND, LLC",DFE,,3.0,218987.0,0.6552763406046934,0.9325301204819277,0.0,0.0,1.0,0.0,0,2,1,1
943270968,DIRECT LINE GLOBAL LLC 401K PLAN,Multi Employer,0.0,2.0,57350.0,0.645231037489102,0.7325301204819277,11111111111.0,0.0,0.5,1.0,0,4,1,0
274666060,AMPIAN HR 401(K) SAVINGS PLAN,Multiple Employer,208.0,1.0,74302.0,1.0,0.7783132530120482,11.0,0.0,1.0,0.0,0,5,1,0
850247111,"MENTAL HEALTH RESOURCES, INC.",Multi Employer,46.0,2.0,64882.0,0.5400573348540427,0.7542168674698795,11111.0,0.0,1.0,0.4599426651459573,0,3,1,1
463850594,MANTECA TRAILER AND MOTORHOME 401(K) SAVINGS AND RETIREMENT,Multi Employer,0.0,3.0,92290.0,0.6374255065554231,0.8216867469879519,111.0,0.0,1.0,0.6374255065554231,0,4,1,0
456577522,PROBUSGORMAN,Single Employer,8.0,1.0,24000.0,1.0,0.4951807228915663,1.0,0.0,1.0,0.0,0,4,1,0
471797746,PHYSICIANS 401(K) SOLUTIONS,Multiple Employer,242.0,4.0,98153.0,0.8673703299950078,0.8289156626506025,1111111.0,1952.0,0.5,0.9376789298340348,0,5,1,0
361004130,R.R. DONNELLEY & SONS COMPANY RETIREE WELFARE BENEFITS PLAN,Multi Employer,0.0,7.0,13067626.0,0.9169509442648572,1.0,1.0,0.0,1.0,0.1919190329778228,0,4,1,0
874170846,"CONEXUS INSURANCE PARTNERS, INC. EMPLOYEE BENEFIT PLAN",Multi Employer,32.0,2.0,24624.0,0.8457602339181286,0.5012048192771085,1.1211111111111111e+39,0.0,1.0,0.8457602339181286,0,7,1,0
471811024,TRINITY RHC 401(K) PLAN,Multi Employer,0.0,1.0,6376.0,1.0,0.26024096385542167,11111111.0,0.0,1.0,1.0,0,7,1,0
752770316,"SERVICE LIGHTING AND ELECTRICAL SUPPLIES, INC. RETIREMENT PLAN",Multi Employer,0.0,1.0,16868.0,1.0,0.42891566265060244,11.0,0.0,1.0,1.0,0,7,1,0
237404857,HEALTH INSURANCE PLAN OF LEBANON VALLEY BRETHREN HOME,Multi Employer,152.0,4.0,95244.0,0.8240099113854941,0.8240963855421687,2.211211211312111e+39,0.0,0.5,0.6040695476880433,0,5,1,0
232971010,"WOODSTONE GOLF CLUB, INC. EMPLOYEE BENEFIT PLAN",Multi Employer,25.0,4.0,19875.0,0.678440251572327,0.4506024096385542,2.112124211212111e+39,0.0,0.5,0.967496855345912,0,3,1,1
42263917,"CAPE COD EXPRESS, LLC",Multi Employer,114.0,1.0,47878.0,1.0,0.691566265060241,1111.0,0.0,1.0,1.0,0,7,1,0
221296609,"SPENCER SAVINGS BANK, SLA EMPLOYEES' PENSION PLAN",Multi Employer,76.0,3.0,157409.0,1.0,0.9012048192771084,1.1111111111111113e+48,1949.888528195476,0.5,0.0,0,4,1,0
811466836,LEANIX 401(K) PLAN,Multi Employer,0.0,1.0,642.0,1.0,0.09879518072289156,111111111.0,0.0,1.0,1.0,0,7,1,0
742995593,"APOGEE TELECOM, INC. 401(K) PLAN",Multi Employer,0.0,2.0,25815.0,0.7479759829556459,0.5180722891566265,1.1111111111111111e+55,876.3333333333351,1.0,1.0,0,7,1,0
952976080,"YAMAMOTO OF ORIENT, INC. SHARED SAVINGS PLAN",Multi Employer,219.0,2.0,3944.0,1.0,0.2,1.1111111111111112e+45,1715.0000000000002,0.5,0.0,0,4,1,0
710220904,J.A. RIGGS TRACTOR COMPANY WELFARE BENEFITS PLAN,Multi Employer,582.0,2.0,364093.0,1.0,0.9614457831325302,11.0,0.0,0.5,0.0,0,5,1,0
452653391,VERBAL BEGINNINGS LLC 401(K) PLAN,Multi Employer,536.0,3.0,65600.0,1.0,0.7590361445783133,2.211111111111112e+47,2205.15320081755,0.5,0.0,0,3,1,1
273481484,PROBUSBETHANYY20T24,Multiple Employer,4.0,1.0,7500.0,1.0,0.2891566265060241,0.0,0.0,1.0,0.0,0,4,1,0
471097591,BEDABOX 401(K) PLAN,Multi Employer,542.0,1.0,26178.0,1.0,0.5228915662650603,0.0,0.0,1.0,1.0,0,6,1,0
520563938,THE FIRELINE CORPORATION RETIREMENT PLAN,Multi Employer,0.0,2.0,25328.0,0.5270056854074542,0.5132530120481927,1.1111111111111113e+42,0.0,0.5,0.0,0,2,1,1
20482717,"PFEIFFER VACUUM, INC. 401(K) PLAN",Multi Employer,0.0,2.0,31890.0,0.5174035747883349,0.5975903614457831,1.1111111111111113e+58,3768.6921451871135,0.5,1.0,0,4,1,0
231539454,MAYER POLLOCK STEEL CORPORATION EMPLOYEE BENEFIT PLAN,Multi Employer,33.0,3.0,43933.0,1.0,0.6698795180722892,1.2111121121211211e+39,0.0,0.5,0.6885029476703162,0,5,1,0
264392825,INTEFRAME 401(K) PROFIT SHARING PLAN,Multiple Employer,151.0,2.0,0.0,0.0,0.02530120481927711,1111.0,0.0,1.0,0.0,0,3,1,1
860004538,"SPINOFF NON-CONTRIBUTORY RETIREMENT PROGRAM FOR CERTAIN EMPLOYEES OF BLUE CROSS AND BLUE SHIELD OF ARIZONA, INC.",Multi Employer,0.0,2.0,101841.0,0.8659675376321914,0.8433734939759037,1.0,0.0,1.0,0.0,0,4,1,0
870354727,"PETERSEN, INC. FROZEN CAPITAL ACCUMULATION PLAN",Multi Employer,0.0,4.0,211682.0,0.5993660301773415,0.927710843373494,0.0,0.0,1.0,0.5993660301773415,0,4,1,0
853070386,CLEAR SIGHT PARTNERS 401(K) PLAN,Multi Employer,0.0,2.0,24707.0,0.5224835066985065,0.5036144578313253,1.1111111111111113e+42,0.0,0.5,0.0,0,2,1,1
850892816,"SPIRE GLOBAL, INC, 401(K) PLAN",Multi Employer,0.0,1.0,6002.0,1.0,0.24819277108433735,1.1111111111111112e+53,0.0,1.0,1.0,0,7,1,0
208250290,"MONOFRAX LLC, UNION 401(K) PLAN",Multi Employer,0.0,2.0,16344.0,0.5231889378365149,0.42168674698795183,1.1111111111111113e+42,0.0,0.5,0.0,0,2,1,1
453810227,"DETROIT MANUFACTURING SYSTEMS, LLC HOURLY 401(K) PLAN",Multi Employer,1744.0,1.0,128150.0,1.0,0.8819277108433735,1111111.0,0.0,1.0,1.0,0,7,1,0
270093845,OSMA HEALTH - HEALTH PLAN,Multiple Employer,1921.0,15.0,630148.0,0.16148746008874107,0.9855421686746988,1.0,0.0,0.0714285714285714,0.0,0,1,1,1
842795435,"EVERGREEN HEALTH GROUP, LLC 401(K)",Multi Employer,0.0,2.0,29802.0,0.6039863096436481,0.5710843373493976,1.1111111111111113e+42,0.0,0.5,0.0,0,2,1,1
208938238,MAXWOOD FURNITURE INC. BENEFIT PLAN,Multi Employer,121.0,3.0,9654.0,0.5293142738761135,0.327710843373494,11121.0,0.0,1.0,0.6795110834887094,0,4,1,0
522206266,"HART & COOLEY, LLC RETIREMENT SAVINGS AND INVESTMENT PLAN",Multi Employer,0.0,3.0,39811.0,0.45228705634121225,0.6433734939759036,1.1121121112111112e+53,0.0,1.0,1.0,0,4,1,0
562537962,COWAN SYSTEMS 401K PROFIT SHARING PLAN,Multi Employer,0.0,2.0,14640.0,0.98224043715847,0.40481927710843374,1.1111111111111112e+53,0.0,0.5,0.01775956284153,0,4,1,0
362495346,DARLING INGREDIENTS INC. HOURLY AND BARGAINING 401(K) SAVINGS PLAN,Multi Employer,0.0,2.0,4981.0,1.0,0.21445783132530122,111111111.0,0.0,0.5,0.0,0,4,1,0
541557243,OMNIPLEX WORLD SERVICES CORPORATION UNION EMPLOYEES' 401(K) PLAN,Multi Employer,587.0,1.0,102913.0,1.0,0.8481927710843373,0.0,0.0,1.0,0.0,0,4,1,0
460440466,BLACK HILLS SURGICAL HOSPITAL 401(K) AND PROFIT SHARING PLAN,Multi Employer,0.0,1.0,31450.0,1.0,0.5927710843373494,111.0,0.0,1.0,1.0,0,7,1,0
274300000,PROBGAILFIN,Multi Employer,4.0,1.0,24000.0,1.0,0.4951807228915663,1.0,0.0,1.0,0.0,0,4,1,0
743257322,"APEM, INC. VISTA 401K PLAN",Multi Employer,0.0,2.0,5609.0,1.0,0.2289156626506024,1.1112111112211112e+24,2.3361111111111112,1.0,1.0,0,7,1,0
616614496,BUILDING INDUSTRY INSURANCE TRUST,Multiple Employer,1578.0,2.0,211038.0,0.7046124394658781,0.9228915662650602,0.0,0.0,1.0,0.4491065589706428,0,5,1,0
231729679,KISTLER O'BRIEN FIRE PROTECTION EMPLOYEES 401(K),Multi Employer,0.0,1.0,7294.0,1.0,0.2819277108433735,11111111111111.0,0.0,1.0,0.0,0,5,1,0
591173286,EASTERN AERO MARINE INC. 401(K) PROFIT SHARING,Multi Employer,228.0,1.0,475.0,1.0,0.08433734939759036,1111111111.0,0.0,1.0,1.0,0,7,1,0
340778636,PENSION AGREEMENT BETWEEN AKRO-MILS AND USWA LOCAL 1761-02,Multi Employer,0.0,2.0,47925.0,0.8710485133020345,0.6939759036144578,1.1111111111111113e+42,0.0,0.5,0.0,0,4,1,0
854372477,VIC THE PICC 401(K) PLAN,Multi Employer,108.0,1.0,900.0,1.0,0.10602409638554217,1.1111111111111113e+23,0.0,1.0,1.0,0,7,1,0
112845313,"STERLING INFOSYSTEMS, INC. 401(K) PROFIT SHARING PLAN",Multi Employer,0.0,1.0,-48894.0,1.0,0.004819277108433735,1.1111111111111112e+53,0.0,1.0,1.0,0,7,1,0
991972777,JACKPOCKET LLC RETIREMENT PLAN,Multi Employer,0.0,1.0,432.0,1.0,0.07710843373493977,1.1111111111111112e+53,0.0,1.0,1.0,0,7,1,0
330893794,FORECAST 3D 401(K) PLAN,Multi Employer,0.0,1.0,12058.0,1.0,0.3783132530120482,111.0,0.0,1.0,1.0,0,7,1,0
222842846,"COMMUNITY CONNECTIONS FOR CHILDREN, INC. EMPLOYEE BENEFIT PLAN",Multi Employer,85.0,3.0,82221.0,0.9397355906641855,0.7975903614457831,2.111222212111211e+39,0.0,1.0,0.6384135439851133,0,6,1,0
260846505,DURHAM CITY TRANSIT COMPANY UNION 401(K) PLAN,Multi Employer,146.0,2.0,17466.0,1.0,0.43614457831325304,1.1211111211112113e+42,0.0,1.0,0.0,0,5,1,0
320539100,PINNACLE OPERATING SERVICES COMPANY 401(K) PLAN,Multi Employer,379.0,1.0,4663.0,1.0,0.20963855421686747,1.1111111111111112e+53,0.0,1.0,1.0,0,7,1,0
560481994,KELLOGG SUPPLY COMPANY 401(K) PLAN,Multi Employer,0.0,1.0,6640.0,1.0,0.26265060240963856,111.0,0.0,1.0,0.0,0,5,1,0
541926760,NET ESOLUTIONS CORPORATION 401(K) PROFIT SHARING PLAN,Multi Employer,0.0,2.0,23769.0,0.619336110059321,0.4891566265060241,2.1111111111111113e+26,865.5399692229024,0.5,1.0,0,4,1,0
561507131,TAX MANAGEMENT ASSOCIATES EMPLOYEE STOCK OWNERSHIP PLAN,Multi Employer,0.0,3.0,86857.0,0.5099416281934674,0.8144578313253013,1.0,0.0,1.0,0.0,0,1,1,1
470770315,"W-S INDUSTRIAL SERVICES, INC.",Multi Employer,127.0,1.0,59.0,1.0,0.05301204819277108,111.0,0.0,1.0,1.0,0,7,1,0
232453088,SANTANDER 401(K) PLAN,Multi Employer,14626.0,4.0,574785.0,0.6749549831676191,0.9783132530120482,111111111111.0,476.4883040935673,0.3333333333333333,0.9411954034986996,0,4,1,0
461167350,"BRANDLIVE, INC. 401(K) PLAN",Multi Employer,115.0,1.0,15884.0,1.0,0.41445783132530123,1.0,0.0,1.0,0.0,0,4,1,0
232220475,KING CONSTRUCTION COMPANY LLC EMPLOYEE BENEFIT PLAN,Multi Employer,45.0,2.0,4831.0,0.54647070999793,0.21204819277108433,1.1111111111111112e+39,0.0,0.5,0.54647070999793,0,4,1,0
161535313,FORTEQ NORTH AMERICAN 401(K),Multi Employer,130.0,2.0,62489.0,0.6685016562915073,0.744578313253012,1.1111111111111112e+26,865.5399692229024,0.5,1.0,0,4,1,0
823563982,SIGNIFY HEALTH 401(K) PLAN,Multi Employer,0.0,4.0,179568.0,0.457158291009534,0.9180722891566265,1.1121121112111112e+53,0.0,0.3333333333333333,0.4871524993317295,0,2,1,1
231744831,"ASGCO MANUFACTURING, INC. GROUP MEDICAL PLAN",Multi Employer,80.0,4.0,139963.0,0.5199588462665133,0.8939759036144578,2.2122221131212206e+39,0.0,0.5,0.5481580966999232,0,3,1,1
112593090,"NEW HORIZON COUNSELING CENTER, INC. 401(K) PROFIT SHARING PLAN",Multi Employer,261.0,3.0,114151.0,0.8913982356702964,0.8674698795180723,11111111111.0,0.0,0.3333333333333333,0.8224114653650431,0,5,1,0
263166327,ILC DOVER 401(K) SAVINGS AND INVESTMENT PLAN,Multi Employer,0.0,1.0,52363.0,1.0,0.7108433734939759,11111111111111.0,0.0,1.0,0.0,0,5,1,0
362235147,LEYDEN FAMILY SERVICE & MENTAL HEALTH CENTER TAX SHELTERED ANNUITY PLAN,Multi Employer,102.0,3.0,25365.0,0.899270648531441,0.5156626506024097,0.0,0.0,1.0,0.0995466193573822,0,3,1,1
843111227,RFH HOLDINGS 401(K) PLAN,Multiple Employer,0.0,2.0,11259.0,0.6989075406341594,0.36626506024096384,111.0,0.0,1.0,0.6989075406341594,0,5,1,0
264196387,"SET MANAGEMENT, LLC 401(K) PROFIT SHARING PLAN",Multi Employer,0.0,1.0,0.0,0.0,0.02530120481927711,11.0,0.0,1.0,0.0,0,3,1,1
222472997,SIGNATURE HEALTHCARE RETIREMENT PLAN C,Multi Employer,0.0,4.0,266061.0,0.8806326368765057,0.946987951807229,121.0,500.0000000000001,1.0,0.986191136619046,0,7,1,0
203880413,THE INSTINET SAVINGS PLAN,Multi Employer,0.0,1.0,48832.0,1.0,0.6987951807228916,1.1111111111111113e+42,0.0,1.0,0.0,0,5,1,0
133063500,"KOST USA, LLC 401(K) RETIREMENT SAVINGS PLAN",Multi Employer,0.0,3.0,20630.0,0.5761027629665536,0.4578313253012048,111.0,2187.0,0.5,0.6337857489093554,0,3,1,1
205581516,ITC FEDERAL LLC WRAP EMPLOYEE BENEFIT PLAN,Multi Employer,0.0,1.0,14100.0,1.0,0.39759036144578314,0.0,0.0,1.0,0.0,0,4,1,0
262893562,AMREST LLC 401(K) PROFIT SHARING PLAN & TRUST,Multi Employer,308.0,1.0,44981.0,1.0,0.6819277108433734,1111.0,0.0,1.0,0.0,0,5,1,0
813881290,PWP 401(K) PLAN,Multiple Employer,518.0,2.0,504967.0,0.5968092964490749,0.9710843373493976,1.1111111111111112e+53,0.0,0.5,0.420699551988053,0,3,1,1
462436774,WORK & CO. 401(K) PLAN,Multi Employer,0.0,2.0,6646.0,0.5124887150165514,0.26506024096385544,1.1111111111111113e+42,0.0,1.0,0.4875112849834487,0,3,1,1
431411668,BATTERY OUTFITTERS EMPLOYEE BENEFITS PLAN,Multi Employer,187.0,1.0,27451.0,1.0,0.5397590361445783,11111.0,0.0,1.0,1.0,0,7,1,0
473599330,AVARA RETIREMENT AND SAVINGS PLAN,Multi Employer,221.0,2.0,99456.0,0.5306869369369369,0.8313253012048193,1.1111111111111112e+53,0.0,0.5,0.4693130630630631,0,2,1,1
208758429,CENTRAL HOME HEALTH LLC,Multi Employer,82.0,1.0,1908.0,1.0,0.15421686746987953,1.1111111111111113e+23,0.0,1.0,1.0,0,7,1,0
431613858,ZRG KALDI'S HEALTH PLAN,Multi Employer,227.0,9.0,582509.0,0.5789455613561335,0.980722891566265,0.0,0.0,1.0,0.1744286570457233,0,2,1,1
200793410,WEST LIBERTY FOODS LLC HEALTH & WELFARE PLAN,Multi Employer,1856.0,4.0,198612.0,0.47698024288562624,0.9204819277108434,0.0,0.0,1.0,0.0,0,2,1,1
260610707,FIRST FINANCIAL NORTHWEST SAVINGS PLAN,Multi Employer,0.0,2.0,21724.0,0.6133308782912907,0.4746987951807229,1.1111111111111113e+43,131.39600840336135,0.5,0.3866691217087092,0,2,1,1
541145723,PRAGMATICS EMPLOYEES' RETIREMENT PLAN,Multi Employer,0.0,2.0,28556.0,0.9464911051968062,0.5542168674698795,1.1111111111111112e+53,0.0,0.5,0.0535088948031937,0,4,1,0
301103971,"TROUSDALE LIVING COMMUNITIES, INC. 401(K) PLAN",Multiple Employer,0.0,1.0,27760.0,1.0,0.5469879518072289,0.0,0.0,1.0,0.0,0,4,1,0
611145339,"THE SECTION 403(B) PLAN FOR HOSPICE OF HOPE, INC.",Multi Employer,120.0,3.0,13613.0,1.0,0.39036144578313253,1.1211111211211212e+44,674.343045209085,0.5,0.0,0,3,1,1
541108079,DEPAUL COMMUNITY RESOURCES 403B PLAN,Multi Employer,0.0,3.0,25283.0,0.9776529683977376,0.5108433734939759,11111111111.0,0.0,0.3333333333333333,0.997033579875806,0,5,1,0
141881132,ALLIANCE HOSPITALITY EMPLOYEE SAVINGS PLAN,Multi Employer,76.0,3.0,66645.0,1.0,0.7614457831325301,1.1111112112112112e+42,0.0,0.5,0.0,0,3,1,1
813040678,EVENTWORKS 401(K) PLAN,Multi Employer,0.0,1.0,100.0,1.0,0.05783132530120482,1.1111111111111113e+42,0.0,1.0,0.0,0,5,1,0
240795620,SCRANTON COUNSELING CENTER 401(K) PROFIT SHARING PLAN,Multi Employer,124.0,1.0,0.0,0.0,0.02530120481927711,1111111111.0,0.0,1.0,0.0,0,3,1,1
562401998,MIM SOFTWARE INC. 401(K) PLAN,Multi Employer,0.0,1.0,16670.0,1.0,0.42650602409638555,1.1111111111111113e+42,0.0,1.0,0.0,0,5,1,0
141681699,THE CHAZEN COMPANIES EMPLOYEE STOCK OWNERSHIP PLAN,Multi Employer,0.0,2.0,32716.0,0.6160594204670498,0.6024096385542169,1.0,0.0,1.0,0.0,0,2,1,1
560928892,SOUTHERN FABRICATORS INC. 401(K) PLAN,Multi Employer,123.0,2.0,3000.0,1.0,0.18313253012048192,1111111111.0,0.0,1.0,1.0,0,7,1,0
825260016,"LUMINA SOLAR, INC. HEALTH & WELFARE PLAN",Multi Employer,118.0,2.0,10703.0,0.5338690086891525,0.3493975903614458,1111121.0,249.0,1.0,1.0,0,5,1,0
530204701,"GEORGETOWN DAY SCHOOL, INC. 403(B) RETIREMENT PLAN",Multi Employer,0.0,3.0,31157.0,0.792181532239946,0.5831325301204819,1111111111.0,774.7837884337873,1.0,0.2005969766023686,0,4,1,0
264656792,RESOLVIT RESOURCES LLC 401(K) RETIREMENT PLAN,Multi Employer,0.0,1.0,0.0,0.0,0.02530120481927711,1.1111111111111112e+53,0.0,1.0,0.0,0,3,1,1
561837872,TRITON RESTAURANTS EMPLOYEES PROFIT SHARING PLAN AND TRUST,Multi Employer,0.0,2.0,14275.0,1.0,0.40240963855421685,0.0,0.0,1.0,0.0,0,4,1,0
208175031,"BOBBY BUKA, M.D., P.C. PROFIT SHARING PLAN",Multi Employer,55.0,4.0,8134.0,0.44922547332185886,0.2963855421686747,121111111111.0,5.0,0.3333333333333333,0.6678356713426854,0,3,1,1
205404353,CHRIST COMMUNITY HEALTH SERVICES EMPLOYEE BENEFIT PLAN (501),Multi Employer,86.0,3.0,110367.0,0.611459947266846,0.8626506024096385,1.1111111111111112e+39,0.0,0.5,0.611459947266846,0,3,1,1
831254672,MORPHOSYS US INC. 401(K) PLAN,Multi Employer,0.0,2.0,82718.0,0.7264561522280519,0.8,1.1111111111211113e+56,1082.4742979242988,0.5,1.0,0,6,1,0
466654951,LGBT BENEFIT PLAN TRUST,Multi Employer,0.0,4.0,106640.0,0.5626406601650412,0.8578313253012049,0.0,0.0,1.0,0.0,0,1,1,1
161490676,CANTERBURY WOODS 401(K) RETIREMENT SAVINGS PLAN,Multi Employer,133.0,2.0,37671.0,1.0,0.6313253012048192,1.1111111111111113e+42,0.0,0.5,0.0,0,4,1,0
232610181,"TRI COUNTY AUTO CENTER, LTD. GROUP INSURANCE PLAN",Multi Employer,119.0,4.0,44714.0,0.5400992977590912,0.6771084337349398,1.121121221121122e+40,52.0,0.5,0.9540859686004384,0,3,1,1
273225082,"EUROFINS SCIENTIFIC, INC. 401(K) INCENTIVE SAVINGS PLAN",Multi Employer,13276.0,6.0,1398112.0,0.7253853768510677,0.9975903614457832,1111.0,251.0,0.25,0.1110576262845895,0,4,1,0
942537238,SERVICE BY MEDALLION 401(K) & RETIREMENT PLAN,Multi Employer,126.0,3.0,33571.0,0.5490750945756754,0.6048192771084338,2.211111111111112e+45,312.17140060022405,1.0,0.5490750945756754,0,4,1,0
132742395,"ARC-COM FABRICS, INC. RETIREMENT PLAN",Multi Employer,0.0,3.0,35188.0,0.8556610208025464,0.6168674698795181,2.1111111111111207e+44,61.171400600223855,0.5,0.0,0,3,1,1
251792083,"STERLING MACHINE TECHNOLOGIES, INC. EMPLOYEE BENEFIT PLAN",Multi Employer,34.0,4.0,122011.0,0.44873003253804983,0.8722891566265061,3.112122211311122e+39,0.0,0.5,0.9192226995703866,0,3,1,1
208066203,GASSEARCH DRILLING SERVICES CORPORATION 401(K) PLAN,Multi Employer,0.0,1.0,1627.0,1.0,0.1493975903614458,1.1111111111111112e+53,0.0,1.0,1.0,0,7,1,0
752372684,CULINAIRE INTERNATIONAL BENEFITS PLAN,Multi Employer,163.0,2.0,23245.0,0.6274037427403742,0.4795180722891566,1.1111111111111112e+53,0.0,1.0,0.3725962572596257,0,3,1,1
630942496,"PROFESSIONAL BILLING, INC. PROFIT SHARING PLAN",Multi Employer,0.0,1.0,1537.0,1.0,0.14216867469879518,0.0,0.0,1.0,0.0,0,4,1,0
113367953,"ARC EXCESS & SURPLUS, LLC 401(K) PLAN",Multi Employer,0.0,1.0,148.0,1.0,0.060240963855421686,0.0,0.0,1.0,0.0,0,4,1,0
850615121,"HYZON MOTORS USA, INC. 401(K) PLAN",Multi Employer,0.0,3.0,74053.0,0.567161357406182,0.7759036144578313,1.1111111111111112e+56,1971.993870749131,0.5,1.0,0,3,1,1
270371488,"REMOTE DBA EXPERTS, LLC 401(K)/PROFIT SHARING PLAN",Multi Employer,0.0,1.0,63600.0,1.0,0.7493975903614458,1111111111.0,0.0,1.0,1.0,0,7,1,0
521563984,"CORPORATE FITNESS WORKS, INC. RETIREMENT PLAN",Multi Employer,0.0,1.0,13745.0,1.0,0.39518072289156625,1.1111111111111112e+53,0.0,1.0,1.0,0,7,1,0
510467698,"BSI CORPORATE BENEFITS, LLC HEALTH PLAN (501)",Multi Employer,46.0,2.0,34817.0,1.0,0.6120481927710844,2.1121222112111206e+39,0.0,1.0,1.0,0,7,1,0
830184377,UNIWYO FEDERAL CREDIT UNION HEALTH AND WELFARE WRAP PLAN,Multi Employer,116.0,1.0,9656.0,1.0,0.3301204819277108,0.0,0.0,1.0,0.0,0,4,1,0
464179199,"PLI HOLDINGS, INC. EMPLOYEE STOCK OWNERSHIP PLAN",Multi Employer,0.0,1.0,24758.0,1.0,0.5060240963855421,0.0,0.0,1.0,0.0,0,4,1,0
943340518,SPECIALIZED PACKAGING GROUP EMPLOYEES 401(K) PLAN,Multi Employer,260.0,2.0,20861.0,1.0,0.4602409638554217,111111111211.0,152.53085688820968,1.0,1.0,0,7,1,0
751238018,"GRAPHIC SOLUTIONS GROUP, INC. EMPLOYEE BENEFIT PLAN",Multi Employer,0.0,4.0,140898.0,0.3338443412965408,0.8963855421686747,1.0,0.0,0.25,0.1178737241781169,0,0,1,1
263892463,"THERMO KING OF SPRINGFIELD, L.L.C. GROUP MEDICAL PLAN (502)",Multi Employer,61.0,3.0,2634.0,0.6195899772209568,0.1686746987951807,1.1211121111121211e+39,0.0,1.0,0.6195899772209568,0,4,1,0
200008018,VANCREST MANAGEMENT CORPORATION WELFARE BENEFIT PLAN,Multi Employer,633.0,2.0,315092.0,0.9758324552829015,0.9542168674698795,1111.0,0.0,0.5,0.9758324552829016,0,7,1,0
741951016,FIRST SERVICE CREDIT UNION 401(K) PLAN AND TRUST,Multi Employer,193.0,2.0,42849.0,0.80828023991225,0.6626506024096386,2.0,0.0,1.0,0.0,0,4,1,0
42105911,PINE HEALTH BENEFIT TRUST,DFE,114.0,1.0,10775.0,1.0,0.3566265060240964,0.0,0.0,1.0,0.0,0,4,1,0
341663157,"HOWARD, WERSHBALE & CO. PROFIT SHARING & 401(K) PLAN AND TRUST",Multi Employer,0.0,3.0,70107.0,0.46207939292795297,0.7710843373493976,1.0,0.0,1.0,0.0,0,1,1,1
800331414,W. T. BYLER CO. INC. 401(K) PLAN,Multi Employer,0.0,1.0,10365.0,1.0,0.3373493975903614,1.0,0.0,1.0,1.0,0,6,1,0
231695009,"ANTZ ENERGY SYSTEMS, INC. EMPLOYEE BENEFIT PLAN",Multi Employer,24.0,3.0,2982.0,0.5835010060362174,0.18072289156626506,2.1121221121112112e+39,0.0,0.5,0.8071763916834339,0,3,1,1
710205415,SOUTHWESTERN ENERGY COMPANY 401K SAVINGS PLAN,Multi Employer,0.0,3.0,126436.0,0.679838020816856,0.8746987951807229,11111111.0,82.36459096459103,0.3333333333333333,0.8459299566579139,0,3,1,1
710653502,RICH LOGISTICS 401(K) PLAN,Multi Employer,133.0,3.0,54433.0,1.0,0.7180722891566265,2.221111121121122e+44,61.171400600223855,1.0,0.0,0,4,1,0
541527978,"KALBAUGH, PFUND & MESSERSMITH, P.C. GROUP HEALTH BENEFIT PLAN",Multi Employer,57.0,3.0,86790.0,0.4875792141951838,0.8120481927710843,1.1111111111111113e+42,73.5,0.5,1.0,0,3,1,1
472150172,ISUN 401(K) RETIREMENT PLAN,Multi Employer,0.0,2.0,13278.0,1.0,0.3855421686746988,2.211111111111112e+44,61.171400600223855,1.0,0.0,0,5,1,0
431558268,DYNAMIC TRANSIT COMPANY 401K PROFIT SHARING PLAN,Multi Employer,198.0,1.0,10917.0,1.0,0.363855421686747,1111.0,0.0,1.0,1.0,0,7,1,0
821700385,POLLO REGIO 401(K) PLAN,Multi Employer,479.0,1.0,839.0,1.0,0.10361445783132531,11111111.0,0.0,1.0,1.0,0,7,1,0
453545468,"MATTERPORT, INC. 401(K) PLAN",Multi Employer,0.0,2.0,97500.0,1.0,0.8265060240963855,0.0,0.0,1.0,0.0,0,4,1,0
942993379,"ALTRO USA, INC. RETIREMENT PLAN",Multi Employer,97.0,2.0,67801.0,0.8237341632129319,0.7686746987951807,0.0,0.0,1.0,0.0,0,4,1,0
272493878,"YOE CONSTRUCTION, INC. EMPLOYEE BENEFIT PLAN",Multi Employer,52.0,3.0,57255.0,0.9392192821587634,0.7301204819277108,2.1131222212111207e+39,0.0,1.0,0.6431752685354991,0,6,1,0
911879291,UNITED GROUP INSURANCE TRUST CONSOLIDATED WELFARE BENEFIT PLAN,DFE,0.0,1.0,14964.0,1.0,0.4072289156626506,11.0,0.0,1.0,0.0,0,5,1,0
822265990,SYMBIA LOGISTICS 401(K) PLAN,Multi Employer,460.0,2.0,5602.0,1.0,0.22650602409638554,1.1211111211211213e+42,0.0,1.0,0.0,0,5,1,0
370699952,S.M. WILSON & CO. 401K SAVINGS PLAN,Multi Employer,0.0,1.0,615.0,1.0,0.09397590361445783,1111.0,0.0,1.0,1.0,0,7,1,0
264833015,"CAREMAX, INC. 401(K) PLAN",Multi Employer,0.0,1.0,74629.0,1.0,0.7831325301204819,1.1111111111111113e+23,0.0,1.0,1.0,0,7,1,0
200055506,PROBUSY81T01,Multiple Employer,6.0,1.0,8000.0,1.0,0.29397590361445786,11.0,0.0,1.0,0.0,0,5,1,0
822005387,EXPRESS KITCHENS 401(K) PLAN,Multi Employer,90.0,2.0,5687.0,1.0,0.236144578313253,1.1112111112211112e+24,2.3361111111111112,1.0,1.0,0,7,1,0
204046036,"HOOBER, INC. EMPLOYEE BENEFIT PLAN",Multi Employer,302.0,2.0,305824.0,0.6250817463639218,0.9518072289156626,1.1121121121211211e+39,0.0,1.0,1.0,0,6,1,0
473326478,"TARGET RWE, LLC 401K PLAN",Multi Employer,0.0,1.0,6733.0,1.0,0.26987951807228916,1.1111111111111113e+23,0.0,1.0,1.0,0,7,1,0
650367984,SIMCOM INC. 401(K) RETIREMENT PLAN,Multi Employer,0.0,1.0,1087.0,1.0,0.1180722891566265,1.1111111111111112e+53,0.0,1.0,1.0,0,7,1,0
822482495,"RACI INTERMEDIATE HOLDINGS, LLC 401(K) PLAN",Multi Employer,0.0,2.0,23864.0,0.5115236339255783,0.491566265060241,111111111.0,0.0,1.0,0.5115236339255783,0,5,1,0
113580024,INTERNATIONAL CENTER FOR TRANSITIONAL JUSTICE-403(B) PLAN,Multi Employer,20.0,1.0,0.0,0.0,0.02530120481927711,111111.0,0.0,1.0,0.0,0,3,1,1
520695019,EDUCATIONAL SYSTEMS FEDERAL CREDIT UNION MONEY PURCHASE PLAN,Multi Employer,0.0,2.0,24912.0,0.6213070006422607,0.5084337349397591,1111111.0,2186.999999999998,0.5,1.0,0,4,1,0
43287088,PCI SYNTHESIS 401(K) RETIREMENT PLAN,Multi Employer,90.0,1.0,0.0,0.0,0.02530120481927711,11.0,0.0,1.0,0.0,0,3,1,1
941732792,ORIENT BANCORPORATION EMPLOYEE RETIREMENT PLAN,Multi Employer,85.0,3.0,36644.0,0.43374085798493617,0.6216867469879518,1111111111.0,0.0,0.3333333333333333,0.0,0,1,1,1
271883111,STANDARD FORWARDING LLC UNION EMPLOYEES 401(K) SAVINGS PLAN,Multi Employer,455.0,1.0,1040.0,1.0,0.11566265060240964,1.1111111111111113e+42,0.0,1.0,0.0,0,5,1,0
870520406,MOUNTAIN LAND DESIGN 401(K) PLAN,Multi Employer,125.0,1.0,3541.0,1.0,0.19036144578313252,11111111111111.0,0.0,1.0,0.0,0,5,1,0
340553950,"SIFCO INDUSTRIES, INC. SALARIED RETIREMENT PLAN",Multi Employer,4.0,2.0,67593.0,0.8601926234965159,0.763855421686747,0.0,0.0,1.0,0.1398073765034841,0,4,1,0
832145136,"ELECTRIFAI, LLC 401(K) PLAN",Multi Employer,44.0,2.0,21047.0,0.9939183731648216,0.46265060240963857,11111.0,251.0,1.0,1.0,0,7,1,0
251675849,"W.M. ENTERPRISES, INC. WELFARE BENEFIT PLAN (502)",Multi Employer,22.0,2.0,32558.0,0.768659008538608,0.6,1.1121111211111111e+39,0.0,1.0,0.768659008538608,0,7,1,0
271144301,BELMONT CAPITAL TAX DEFERRED SAVINGS PLAN AND TRUST,Multiple Employer,536.0,1.0,48861.0,1.0,0.7012048192771084,0.0,0.0,1.0,0.0,0,4,1,0
473297412,CONSTELLIS 401(K) PLAN,Multi Employer,1074.0,4.0,165521.0,0.6104663456600673,0.9108433734939759,2111122222111.0,992.0,0.5,0.0119380622398366,0,2,1,1
911858530,ALLIANCE GROUP RETIREMENT PLAN,Multiple Employer,0.0,2.0,31640.0,0.870606826801517,0.5951807228915663,111111111.0,0.0,1.0,0.1293931731984829,0,5,1,0
200423081,ADVANCED ENT CASH BALANCE PLAN,Multi Employer,0.0,1.0,12764.0,1.0,0.38313253012048193,1.0,0.0,1.0,1.0,0,6,1,0
561216391,"PIEDMONT TRUCK TIRES, INC. EMPLOYEES PROFIT SHARING PLAN & TRUST",Multi Employer,0.0,2.0,15809.0,0.7678537541906509,0.40963855421686746,1.1111111111111112e+53,0.0,0.5,0.2321462458093491,0,4,1,0
660588600,MMM HOLDINGS LLC 1081. 01 RETIREMENT PLAN & TRUST,Multi Employer,3174.0,1.0,216152.0,1.0,0.9301204819277108,11.0,0.0,1.0,1.0,0,8,1,0
30184742,NORTHCOUNTRY FEDERAL CREDIT UNION 401(K) PLAN AND,Multi Employer,0.0,2.0,100080.0,0.8345123900879297,0.8337349397590361,2.0,0.0,1.0,0.0,0,4,1,0
941369591,"B. R. FUNSTEN & COMPANY, INC 401(K) PROFIT SHARING",Multi Employer,0.0,1.0,27547.0,1.0,0.5445783132530121,11111111.0,0.0,1.0,1.0,0,7,1,0
834225264,ANGELS OF CARE 401(K) PLAN,Multi Employer,0.0,2.0,40714.0,1.0,0.6481927710843374,111111111111111.0,1433.6081011949325,1.0,1.0,0,7,1,0
330326013,"TRANSPORTATION CHARTER SERVICES, INC. 401(K) PLAN",Multi Employer,173.0,5.0,166659.0,0.5859569540198849,0.9132530120481928,11111111111.0,0.0,0.2,0.0,0,2,1,1
341406066,UNIVERSAL SCREEN ARTS RETIREMENT SAVINGS PLAN,Multi Employer,0.0,4.0,100191.0,0.6038466528929745,0.8385542168674699,1.1111111111111111e+55,876.3333333333351,0.3333333333333333,0.1027637212923316,0,1,1,1
823865728,ENJOY HOME CARE LLC 401(K) PLAN,Multi Employer,101.0,1.0,69.0,1.0,0.05542168674698795,1.1111111111111113e+23,0.0,1.0,1.0,0,7,1,0
832809084,VARITEC SOLUTIONS LLC EMPLOYEE SAVINGS PLAN,Multi Employer,0.0,1.0,1255.0,1.0,0.12530120481927712,1.1111111111111112e+53,0.0,1.0,1.0,0,7,1,0
201632876,"KROS-WISE, INC.401(K) PLAN",Multi Employer,106.0,1.0,11916.0,1.0,0.37349397590361444,1111.0,0.0,1.0,0.0,0,5,1,0
264086627,MAKERBOT INDUSTRIES INC 401(K) PLAN,Multi Employer,102.0,1.0,0.0,0.0,0.02530120481927711,1.1111111111111112e+53,0.0,1.0,0.0,0,3,1,1
470899236,"THE CAPROCK GROUP, LLC HEALTH BENEFIT PLAN",Multi Employer,64.0,3.0,105999.0,0.6453362767573279,0.8554216867469879,1.1211111111111111e+39,0.0,0.5,0.6453362767573279,0,3,1,1
956101110,"LEVINE MANAGEMENT GROUP, INC. 401(K) PROFIT SHARING PLAN",Multi Employer,109.0,1.0,444.0,1.0,0.07951807228915662,111111111.0,0.0,1.0,1.0,0,7,1,0
370661228,MONMOUTH COLLEGE MASTER WELFARE PLAN,Multi Employer,168.0,2.0,112468.0,0.8190774264679731,0.8650602409638555,1111.0,0.0,0.5,0.8190774264679731,0,6,1,0
410417830,MINNESOTA LIFE INSURANCE COMPANY GROUP DENTAL PLAN,Multi Employer,0.0,1.0,2175.0,1.0,0.15903614457831325,0.0,0.0,1.0,0.0,0,4,1,0
473061484,PROBUSGARYY20T24IRA,Multiple Employer,6.0,1.0,5000.0,1.0,0.21686746987951808,0.0,0.0,1.0,0.0,0,4,1,0
680121468,COGNOSANTE LLC 401(K) PLAN,Multi Employer,0.0,2.0,126774.0,0.9828513733099847,0.8771084337349397,111111111112.0,152.53085688820968,1.0,1.0,0,7,1,0
821459401,"PAX LABS, INC. 401K PLAN",Multi Employer,109.0,1.0,838.0,1.0,0.10120481927710843,1.1111111111111112e+53,0.0,1.0,1.0,0,7,1,0
205989542,"BETTERBODY FOODS & NUTRITION, LLC 401(K) PLAN",Multi Employer,58.0,2.0,1145.0,1.0,0.12048192771084337,1.1111111111111113e+42,0.0,0.5,0.0,0,4,1,0
476438390,PROBUSBEVERLYY14T25,Multiple Employer,6.0,1.0,2500.0,1.0,0.16626506024096385,11.0,0.0,1.0,0.0,0,5,1,0
431862603,FREEDOM BANK OF SOUTHERN MISSOURI EMPLOYEE BENEFIT PLAN,Multi Employer,98.0,1.0,27880.0,1.0,0.5518072289156627,111.0,0.0,1.0,0.0,0,5,1,0
842324416,AUM LOGIX LLC WELFARE BENEFITS PLAN,Multi Employer,16.0,1.0,5675.0,1.0,0.23373493975903614,0.0,0.0,1.0,0.0,0,4,1,0
831090940,"VECNA ROBOTICS, INC. EMPLOYEE WELFARE BENEFIT PLAN",Multi Employer,141.0,2.0,517412.0,0.954711139285521,0.9734939759036144,0.0,0.0,1.0,0.0,0,5,1,0
223843134,EMPLOYEE BENEFIT PLAN OF CAPITOL COUNTY CHILDREN'S COLLABORATIVE,Multi Employer,104.0,1.0,5775.0,1.0,0.2385542168674699,0.0,0.0,1.0,0.0,0,4,1,0
203198788,"MONTEREY SPINE & JOINT, PC 401(K) PLAN",Multi Employer,0.0,2.0,37852.0,0.6027422593257952,0.6337349397590362,111111111111111.0,2277.104076367389,0.5,1.0,0,4,1,0
30415090,KIDS EMPIRE 401(K) PLAN,Multi Employer,270.0,1.0,55.0,1.0,0.05060240963855422,1.1111111111111113e+23,0.0,1.0,1.0,0,7,1,0
860436017,PINK JEEP TOURS 401K PLAN,Multi Employer,0.0,1.0,3855.0,1.0,0.19518072289156627,1111111111.0,0.0,1.0,0.0,0,5,1,0
880099795,"HERB HALLMAN CHEVROLET, INC. FLEXIBLE BENEFIT PLAN",Multi Employer,123.0,3.0,17519.0,0.5318225926137337,0.43855421686746987,1.1211111111111114e+41,50.0,1.0,0.3015583081226097,0,2,1,1
453162889,ELUMA 401(K) PLAN,Multi Employer,64.0,1.0,6250.0,1.0,0.25301204819277107,1.0,0.0,1.0,0.0,0,4,1,0
200849843,"CONSUMERTRACK, INC. 401(K) PROFIT SHARING PLAN",Multi Employer,0.0,2.0,29837.0,0.5073231222978182,0.5759036144578313,1.0,0.0,0.5,0.5073231222978182,0,3,1,1
232362216,"LEER ELECTRIC, INC. GROUP MEDICAL PLAN",Multi Employer,61.0,5.0,528627.0,0.3346802187553795,0.9759036144578314,3.212222311121231e+39,0.0,0.5,0.4637732417138238,0,2,1,1
820962487,URBINT 401(K) PLAN,Multi Employer,0.0,1.0,1430.0,1.0,0.13012048192771083,11111111111111.0,0.0,1.0,0.0,0,5,1,0
201897663,EVERNOTE CORPORATION 401(K) PLAN,Multi Employer,0.0,1.0,1560.0,1.0,0.14457831325301204,11111111111111.0,0.0,1.0,0.0,0,5,1,0
131893923,AMERICAN NURSES ASSOCIATION RETIREMENT PLAN,Multi Employer,0.0,1.0,4400.0,1.0,0.20722891566265061,111.0,0.0,1.0,0.0,0,5,1,0
476461822,PROVUSPLOSKIY20T25,Unknown,6.0,1.0,1200.0,1.0,0.12289156626506025,0.0,0.0,1.0,0.0,0,4,1,0
46622861,BRANDYWINE GROUP TRUST,DFE,,1.0,54553.0,1.0,0.7204819277108434,0.0,0.0,1.0,0.0,0,4,1,0
473372642,"ZEELAND FREIGHT SERVICES, LLC PROFIT SHARING 401(K",Multi Employer,152.0,1.0,105494.0,1.0,0.8530120481927711,1111111111.0,0.0,1.0,0.0,0,5,1,0
464907386,PROSPECT CAPITAL RESTAURANTS LLC 401(K) RETIREMENT SAVINGS PLAN,Multi Employer,349.0,1.0,1738.0,1.0,0.15180722891566265,111.0,0.0,1.0,1.0,0,7,1,0
146075575,THE MOHAWK FINE PAPERS INC. DEFINED CONTRIBUTIONS SAVINGS PLAN,Multi Employer,0.0,3.0,40513.0,0.7651864833510231,0.6457831325301204,2122222111.0,0.0,1.0,0.0,0,4,1,0
474749384,"CONFLUENT HOLDINGS, LLC GROUP INSURANCE PLAN",Multi Employer,797.0,4.0,487124.0,0.5324537489427743,0.9686746987951808,1.1211111111111114e+41,50.0,0.5,0.4220239610448263,0,2,1,1
201292646,CHS GROUP EMPLOYEE HEALTH PLAN,Multi Employer,181.0,3.0,92188.0,0.4309671540764525,0.8192771084337349,0.0,0.0,1.0,0.0,0,1,1,1
232063262,"YORK ROOFING, INC. EMPLOYEE BENEFIT PLAN",Multi Employer,13.0,2.0,20314.0,0.7820222506645663,0.4530120481927711,1.1121111111111111e+39,0.0,1.0,0.7820222506645663,0,7,1,0
823050051,JET LLC 401(K) PROFIT SHARING PLAN & TRUST,Multi Employer,0.0,1.0,505.0,1.0,0.08674698795180723,1111.0,0.0,1.0,0.0,0,5,1,0
943339062,HEALTHYPETS INC 401(K) PROFIT SHARING PLAN & TRUST,Multi Employer,82.0,2.0,43302.0,0.6474989607870306,0.6674698795180722,111111111.0,0.0,1.0,0.3525010392129694,0,3,1,1
923046645,"AC CONCEPTS SERVICES, LLC 401(K) PROFIT SHARING PLAN",Multi Employer,0.0,3.0,0.0,0.0,0.02530120481927711,2.221111121121122e+44,61.171400600223855,1.0,0.0,0,2,1,1
521811971,JOHNS HOPKINS HOME CARE GROUP 403(B) PLAN,Multiple Employer,1399.0,4.0,134980.0,0.7719291746925471,0.8891566265060241,21212432111.0,125.0,1.0,0.2280708253074529,0,4,1,0
521341890,"THE JOHNS HOPKINS BAYVIEW MEDICAL CENTER, INC. REPRESENTED EMPLOYEES 403(B) PLAN",Multi Employer,490.0,3.0,23496.0,0.5243871297242084,0.4843373493975904,2212332111.0,0.0,1.0,0.4756128702757916,0,2,1,1
630696876,THREE NOTCH GROUP INC. HEALTH & WELFARE PLAN,Multi Employer,171.0,1.0,10701.0,1.0,0.3469879518072289,1.0,0.0,1.0,1.0,0,6,1,0
542002267,MCMANIS & MONSALVE ASSOCIATES PROFIT SHARING PLAN,Multi Employer,0.0,2.0,67603.0,0.8150969631525228,0.7662650602409639,0.0,0.0,1.0,0.8150969631525228,0,6,1,0
300284495,M & J ENGINEERING 401(K) PLAN,Multi Employer,243.0,4.0,56479.0,0.7643371872731458,0.7253012048192771,1.1211111211211112e+43,125.00000000000004,0.5,0.6936385413894064,0,5,1,0
311581466,"REVLOCAL, LLC PROFIT SHARING &",Multi Employer,0.0,2.0,39414.0,0.5658141777033542,0.6385542168674698,1.1111111111111113e+23,0.0,1.0,0.4341858222966459,0,3,1,1
272037969,PLANMEMBER POOLED EMPLOYER PLAN,Multiple Employer,0.0,1.0,17574.0,1.0,0.44096385542168676,0.0,0.0,1.0,0.0,0,4,1,0
432114621,THE PIEDMONT BANK SECTION 401(K) PROFIT SHARING PLAN,Multi Employer,0.0,2.0,107384.0,0.9249795127765775,0.8602409638554217,111.0,0.0,1.0,0.0750204872234224,0,5,1,0
760475815,NOV INC. 401(K) PLAN FOR EXTRACT EMPLOYEES,Multi Employer,0.0,1.0,1276.0,1.0,0.12771084337349398,1.1111111111111113e+42,0.0,1.0,0.0,0,5,1,0
520591656,DISTRICT 1199SEIU - THE JOHNS HOPKINS HOSPITAL 403(B) PLAN,Multi Employer,1905.0,2.0,57860.0,1.0,0.7349397590361446,2212222111.0,0.0,1.0,0.0,0,5,1,0
521250028,JOHNS HOPKINS MEDICAL MANAGEMENT CORPORATION 401(K) PLAN,Multi Employer,1040.0,4.0,21057.0,0.5325070047965047,0.4650602409638554,21212342111.0,125.0,1.0,0.5502683193237403,0,4,1,0
561268414,"BEVERLY KNITS, INC. FLEXIBLE BENEFIT PLAN 125 CAFETERIA & HEALTH PLAN",Multi Employer,90.0,2.0,65258.0,0.548070734622575,0.7566265060240964,0.0,0.0,1.0,0.0,0,2,1,1
161529616,DAVID J WEGMAN 401(K) PLAN,Multi Employer,0.0,1.0,46596.0,1.0,0.689156626506024,0.0,0.0,1.0,0.0,0,4,1,0
470899588,ALLEGIANCE HEALTH MANAGEMENT RETIREMENT SAVINGS PLAN,Multi Employer,3001.0,1.0,29052.0,1.0,0.5614457831325301,111.0,0.0,1.0,1.0,0,7,1,0
870575504,"PRIORITY ONE SECURITY, INC. HEALTH PLAN",Multi Employer,55.0,1.0,49539.0,1.0,0.7036144578313253,1.1111111111111112e+39,0.0,1.0,1.0,0,7,1,0
431828281,"CB ENGINEERING, INC. EMPLOYEE BENEFIT PLAN (501)",Multi Employer,98.0,1.0,21240.0,1.0,0.46987951807228917,111.0,0.0,1.0,0.0,0,5,1,0
951879075,SUN COMMUNITY FEDERAL CREDIT UNION 401(K) PLAN UNION 401(K) PLAN,Multi Employer,0.0,3.0,39532.0,0.5597490640493777,0.6409638554216868,1.1112111112211112e+24,2.3361111111111112,1.0,0.4402509359506222,0,2,1,1
310536640,ANTIOCH UNIVERSITY DEFINED CONTRIBUTION RETIREMENT,Multi Employer,0.0,1.0,1492.0,1.0,0.13975903614457832,111111.0,0.0,1.0,0.0,0,5,1,0
462755706,FORUS 401(K),Multi Employer,0.0,2.0,9380.0,0.6426439232409382,0.3253012048192771,1.0,0.0,1.0,0.3573560767590618,0,2,1,1
932392556,"J. STERN & CO. WORLD STARS GLOBAL EQUITY FUND, LP",DFE,,3.0,163008.0,0.7009533274440518,0.908433734939759,1.0,0.0,1.0,0.7009533274440518,0,6,1,0
640415733,MSABC MULTIPLE EMPLOYER 401(K) PLAN,Multiple Employer,0.0,4.0,63445.0,0.47493104263535346,0.7469879518072289,111111.0,0.0,0.5,0.4749310426353534,0,1,1,1
208538333,SUBSTATION CONCRETE SERVICES 401(K) PLAN,Multi Employer,0.0,2.0,26403.0,1.0,0.5301204819277109,1.1211111112112112e+42,0.0,1.0,0.0,0,5,1,0
550917836,ALLIANCE ENTERTAINMENT 401(K) PLAN,Multi Employer,1442.0,2.0,9280.0,1.0,0.3204819277108434,1.1111111111111112e+53,0.0,0.5,1.0,0,6,1,0
430902269,"ROBERT E. MILLER INSURANCE AGENCY, INC. EMPLOYEE BENEFITS PLAN",Multi Employer,54.0,1.0,41488.0,1.0,0.655421686746988,1.1111111111111112e+39,0.0,1.0,1.0,0,7,1,0
571192153,LINQUEST 401(K) AND PROFIT SHARING PLAN,Multi Employer,0.0,1.0,46544.0,1.0,0.6867469879518072,11111111111111.0,0.0,1.0,0.0,0,5,1,0
581640184,"RURAL HEALTH GROUP, INC. TAX DEFERRED ANNUITY PLAN",Multi Employer,0.0,1.0,0.0,0.0,0.02530120481927711,1111111111.0,0.0,1.0,0.0,0,3,1,1
752875180,"ENDEAVOR ENERGY RESOURCES, L.P. 401(K) PLAN",Multi Employer,0.0,2.0,47945.0,0.7463551986651371,0.6963855421686747,1.1121121112111112e+53,0.0,1.0,1.0,0,7,1,0
386234363,PAINTERS UNION PENSION PLAN,Single Employer,798.0,7.0,984426.0,0.5537348668157891,0.9951807228915662,4.0,0.0,1.0,0.0,0,2,1,1
381428364,PAINTERS UNION INSURANCE FUND,Single Employer,798.0,5.0,333753.0,0.4437892693099388,0.9590361445783132,4.0,0.0,1.0,0.0,0,2,1,1
60646520,ALBERTUS MAGNUS COLLEGE DC RETIREMENT PLAN,Multi Employer,0.0,2.0,29362.0,0.7956542469859001,0.5662650602409639,1.0,0.0,1.0,0.2043457530140998,0,4,1,0
910462347,WASHINGTON TRUST BANK SUPPLEMENTAL INSURANCE PLAN,Multi Employer,301.0,1.0,12034.0,1.0,0.3759036144578313,0.0,0.0,1.0,0.0,0,4,1,0
346685472,SHOPMEN'S LOCAL NO. 499 PENSION PLAN,Single Employer,0.0,4.0,44149.0,0.3372443316949421,0.672289156626506,1.0,0.0,1.0,0.1518494190128881,0,1,1,1
741695800,WELDFIT 401(K) PLAN,Multi Employer,0.0,2.0,0.0,0.0,0.02530120481927711,11111111111111.0,0.0,0.5,0.0,0,2,1,1
231311874,BLANK ROME SAVINGS PLAN,Multi Employer,0.0,5.0,52433.0,0.961837011042664,0.7132530120481928,1.1121121111111111e+53,0.0,0.25,0.3827360631663265,0,3,1,1
912056925,"SVZ USA WASHINGTON, INC. 401(K) PROFIT SHARING PLAN",Multi Employer,0.0,2.0,0.0,0.0,0.02530120481927711,1111111111.0,0.0,1.0,0.0,0,3,1,1
951642398,THE THACHER SCHOOL DC RETIREMENT PLAN,Multi Employer,0.0,2.0,13701.0,0.5177724253704109,0.3927710843373494,11111111.0,179.6960927960928,1.0,0.5177724253704109,0,5,1,0
390494170,NATIONAL PRESTO INDUSTRIES INC FLEX COMPENSATION PLAN,Multi Employer,906.0,1.0,5852.0,1.0,0.2433734939759036,0.0,0.0,1.0,0.0,0,4,1,0
830376638,"C/T INSTALL AMERICA, LLC EMPLOYEE BENEFIT PLAN (501)",Multi Employer,32.0,2.0,52941.0,0.7676658922196408,0.7156626506024096,1.1121111211111111e+39,0.0,1.0,0.7676658922196408,0,7,1,0
200049637,ALLIN 401(K) PLAN,Multi Employer,0.0,1.0,3888.0,1.0,0.19759036144578312,111.0,0.0,1.0,1.0,0,7,1,0
451273930,FOUR WINDS HEALTH RETIREMENT PLAN,Multi Employer,1621.0,4.0,159873.0,0.7195398847835469,0.9036144578313253,1.1211111211211213e+42,0.0,0.3333333333333333,0.0,0,4,1,0
933826244,"CENTRAL MOLONEY, INC. SALARIED EMPLOYEE STOCK OWNERSHIP PLAN AND TRUST",Multi Employer,0.0,1.0,35787.0,1.0,0.619277108433735,0.0,0.0,1.0,0.0,0,4,1,0
811753373,INNER CIRCLE US 401(K) PLAN,Multi Employer,0.0,2.0,2441.0,0.5342072920934043,0.163855421686747,1111121.0,249.0,1.0,1.0,0,5,1,0
521665523,"HUMAN RESOURCES, INC. RETIREMENT SAVINGS PLAN",Multiple Employer,0.0,2.0,236927.0,0.8024370375685338,0.9397590361445783,11.0,0.0,1.0,0.0,0,6,1,0
822701953,HUDDLE RESOURCE SERVICES LLC- 401(K),Multi Employer,0.0,1.0,5876.0,1.0,0.2457831325301205,1.1111111111111113e+23,0.0,1.0,1.0,0,7,1,0
510501454,EXPEDITORS & PRODUCTION SERVICES COMPANY EMPLOYEE BENEFIT PLAN,Multi Employer,102.0,1.0,26636.0,1.0,0.5325301204819277,0.0,0.0,1.0,0.0,0,4,1,0
541639685,GSTEK 401(K) PLAN,Multi Employer,178.0,1.0,29818.0,1.0,0.5734939759036145,1.0,0.0,1.0,1.0,0,6,1,0
60465530,RETIREMENT PLAN FOR EMPLOYEES OF ION BANK,Multi Employer,0.0,3.0,227052.0,0.522963902542149,0.9349397590361446,1111.0,501.0,1.0,0.8579840741327978,0,5,1,0
352257489,"FATHOM SEO, LLC 401(K) PLAN",Multi Employer,0.0,1.0,10706.0,1.0,0.35180722891566263,1.1111111111111113e+42,0.0,1.0,0.0,0,5,1,0
911854749,"DRILL TECH DRILLING AND SHORING, INC. 401(K) PLAN",Multi Employer,111.0,2.0,33940.0,0.6663523865645257,0.6072289156626506,1111111111111.0,2661.8525641025662,0.5,0.6663523865645257,0,4,1,0
463485489,"ACCESS MEDICAL ACQUISITION, INC.",Multi Employer,423.0,2.0,14181.0,1.0,0.4,1.1111111111111113e+42,0.0,0.5,0.0,0,4,1,0
650540100,"BCC ENGINEERING, LLC. RETIREMENT PLAN AND TRUST",Multi Employer,0.0,3.0,85335.0,0.45576844202261674,0.8048192771084337,1.1111111111111112e+53,0.0,0.3333333333333333,0.4557684420226167,0,1,1,1
231341694,STAUFFER BISCUIT COMPANY PENSION PLAN,Multi Employer,0.0,2.0,103716.0,0.7666126730687647,0.8506024096385543,1.0,0.0,0.5,0.0,0,3,1,1
232687798,"TRI-STARR SERVICES OF PENNSYLVANIA, INC. EMPLOYEE BENEFIT PLAN",Multi Employer,52.0,2.0,64549.0,0.6527599188213605,0.7518072289156627,1.1111111111111112e+39,0.0,0.5,0.6527599188213605,0,4,1,0
421105676,EVANS ENTERPRISES 401K PLAN,Multi Employer,0.0,3.0,28604.0,1.0,0.5566265060240964,1.1211111211211213e+42,0.0,0.5,0.0,0,3,1,1
953077405,"COASTAL PEDIATRICS MEDICAL GROUP, INC PROFIT SHARING 401(K)PLAN",Multi Employer,13.0,3.0,198.0,1.0,0.06265060240963856,1.1211111211211312e+43,125.00000000000004,1.0,0.0,0,4,1,0
460455105,SIOUX NATION 401(K) PLAN,Multi Employer,0.0,1.0,8271.0,1.0,0.30120481927710846,0.0,0.0,1.0,0.0,0,4,1,0
800324447,"CONSOLIDATED ANALYTICS, INC. 401(K) PLAN",Multi Employer,130.0,1.0,3807.0,1.0,0.1927710843373494,1.1111111111111112e+53,0.0,1.0,1.0,0,7,1,0
510342132,"UNITED COCOA PROCESSOR, INC. EMPLOYEE BENEFIT PLAN",Multi Employer,66.0,4.0,16590.0,0.5316455696202531,0.42409638554216866,1.2112112112121118e+39,0.0,0.3333333333333333,0.2786015672091621,0,1,1,1
680661238,"UNIMET METAL SUPPLY, INC. 401(K) PROFIT SHARING PLAN",Multi Employer,0.0,1.0,50.0,1.0,0.046987951807228916,1.1111111111111113e+42,0.0,1.0,0.0,0,5,1,0
204353669,"NITRO LIFT TECHNOLOGIES, LLC",Multi Employer,0.0,2.0,10772.0,1.0,0.3542168674698795,11111111.0,0.0,1.0,0.0,0,5,1,0
452991628,TERRITORY FOODS RETIREMENT SAVINGS PLAN,Multi Employer,45.0,2.0,23250.0,0.6989247311827957,0.4819277108433735,11.0,0.0,1.0,0.0,0,3,1,1
412038882,SILICON MOUNTAIN EMPLOYEE BENEFIT PLAN,Multi Employer,0.0,1.0,1581.0,1.0,0.14698795180722893,1.1111111111111112e+39,0.0,1.0,1.0,0,7,1,0
752627778,BIG CITY CRUSHED CONCRETE 401(K) PSP,Multi Employer,0.0,1.0,9147.0,1.0,0.3180722891566265,11111111.0,0.0,1.0,1.0,0,7,1,0
383793128,SILGAN PLASTICS PENSION PLAN FOR HOURLY-PAID EMPLOYEES,Multi Employer,0.0,2.0,88128.0,0.7491489651416122,0.8168674698795181,1.0,0.0,1.0,1.0,0,6,1,0
134233377,ADVANCED ENT RETIREMENT PLAN,Multi Employer,0.0,2.0,23570.0,1.0,0.4867469879518072,2.1111111111111207e+44,61.171400600223855,1.0,0.0,0,5,1,0
471137623,DEL LAGO RESORT AND CASINO WELFARE BENEFIT PLAN,Multi Employer,0.0,1.0,18778.0,1.0,0.4457831325301205,0.0,0.0,1.0,0.0,0,4,1,0
30593691,STONE SOURCE 401(K) PROFIT SHARING PLAN,Multi Employer,0.0,2.0,8701.0,1.0,0.3060240963855422,111.0,0.0,1.0,0.0,0,5,1,0
20777615,K A WHITESTONE INC 401(K) PROFIT SHARING PLAN & TRUST,Multi Employer,0.0,1.0,11806.0,1.0,0.3710843373493976,1111.0,0.0,1.0,0.0,0,5,1,0
364742361,EVERSTREAM SOLUTIONS 401K PROFIT SHARING PLAN & TRUST,Multi Employer,0.0,2.0,9005.0,1.0,0.3132530120481928,111.0,0.0,0.5,0.0,0,4,1,0
680482464,"TEAMWORK HUMAN RESOURCES, INC. MEP",Multiple Employer,517.0,1.0,27192.0,1.0,0.5349397590361445,111111.0,0.0,1.0,1.0,0,7,1,0
362762678,"LAKIN TIRE WEST, LLC SAVINGS & RETIREMENT PLAN",Multi Employer,0.0,2.0,463.0,1.0,0.0819277108433735,1.1111111111111212e+54,259.82626132037853,1.0,1.0,0,7,1,0
844034514,"SECURITY RISK ADVISORS INTL, LLC HEALTH AND WELFARE BENEFIT PLAN",Multi Employer,180.0,4.0,384077.0,0.48411906987400966,0.963855421686747,2.121111111211112e+39,0.0,0.5,0.1228305300542786,0,2,1,1
540698135,MBC COMPANIES 401(K) RETIREMENT PLAN,Multi Employer,0.0,4.0,29242.0,0.5231858286026948,0.563855421686747,2121222211111.0,765.1383449883456,0.3333333333333333,0.4768141713973052,0,1,1,1
352121147,THE ALUMINUM TRAILER COMPANY WELFARE BENEFIT PLAN,Multi Employer,264.0,1.0,134892.0,1.0,0.8867469879518072,1.1111111111111112e+39,0.0,1.0,1.0,0,7,1,0
431298245,G.H. TOOL & MOLD 401(K) PLAN,Multi Employer,0.0,3.0,62379.0,0.5294890908799436,0.7421686746987952,121.0,0.0,0.5,0.0,0,1,1,1
42104149,DEAN COLLEGE DEFINED CONTRIBUTION RETIREMENT PLAN FOR FACULTY AND ADMINISTRATION,Multi Employer,0.0,2.0,18606.0,0.5138664946791358,0.4433734939759036,11111.0,992.0,1.0,1.0,0,5,1,0
911151039,FI HOLDINGS 401(K) PLAN,Multi Employer,0.0,1.0,7902.0,1.0,0.29156626506024097,11111111111111.0,0.0,1.0,0.0,0,5,1,0
270242450,"GLOBAL PRECISION PRODUCTS, LLC RETIREMENT PLAN",Multi Employer,0.0,1.0,9297.0,1.0,0.3228915662650602,111111111.0,0.0,1.0,1.0,0,7,1,0
640522665,HANKINS LUMBER CO. RETIREMENT PLAN,Multi Employer,117.0,2.0,7488.0,0.8831463675213675,0.28674698795180725,111.0,0.0,1.0,0.1168536324786324,0,5,1,0
473768464,NOTARIZE 401(K) PLAN,Multi Employer,236.0,1.0,2915.0,1.0,0.1783132530120482,1.1111111111111112e+53,0.0,1.0,1.0,0,7,1,0
476430809,PROBUSBURTONY50T85,Multiple Employer,4.0,2.0,23000.0,0.8695652173913043,0.4771084337349398,11.0,0.0,1.0,0.0,0,5,1,0
731602134,"EMPLOYEE SERVICES, INC. 401(K)",Multi Employer,293.0,2.0,127736.0,0.8021387862466337,0.8795180722891566,1.1111111111111113e+25,396.6453463393273,0.5,0.1847133757961783,0,4,1,0
314159950,HEARTLAND BANK 401(K) PROFIT SHARING PLAN,Multi Employer,0.0,2.0,36737.0,1.0,0.6240963855421687,2.2111111111111113e+44,61.171400600223855,1.0,0.0,0,5,1,0
251851827,"GOOD'S TREE CARE, INC. EMPLOYEE BENEFIT PLAN",Multi Employer,50.0,4.0,78088.0,0.4178747054605061,0.7903614457831325,2.1121222112211208e+40,25.5,0.3333333333333333,0.918758323942219,0,3,1,1
112156739,"DATUM FILING SYSTEMS, INC. FLEXIBLE BENEFITS PLAN",Multi Employer,85.0,3.0,235818.0,0.8667065279155959,0.9373493975903614,1.0,0.0,0.3333333333333333,0.1130066407144492,0,3,1,1
260328929,"GPCH, LLC HEALTH BENEFIT PLAN",Multi Employer,113.0,1.0,49946.0,1.0,0.7060240963855422,11111.0,0.0,1.0,1.0,0,7,1,0
464075013,GALA GROUP 401 (K) PLAN,Multi Employer,76.0,1.0,9968.0,1.0,0.3325301204819277,11111111.0,0.0,1.0,1.0,0,7,1,0
42103585,LASELL UNIVERSITY 403(B) PLAN,Multi Employer,0.0,2.0,8958.0,0.9103594552355436,0.3108433734939759,1111111.0,165.73894993894996,1.0,0.9103594552355436,0,7,1,0
20329382,ABC NH & VT MEMBER 401(K) PLAN,Multiple Employer,473.0,19.0,244323.0,0.49896243906631793,0.9421686746987952,1.111211111111112e+30,4669.248585925592,0.0714285714285714,0.1732838021869988,0,2,1,1
231695529,"L & M FABRICATION AND MACHINE, INC. EMPLOYEE BENEFIT PLAN",Multi Employer,37.0,5.0,51509.0,0.6799005998951639,0.708433734939759,2.112122112121411e+40,282.0,0.3333333333333333,0.9034343512784172,0,3,1,1
581984495,"GCSS, INC DBA INCOMMUNITY 401(K) PLAN",Multi Employer,505.0,2.0,8194.0,0.7921649987795948,0.2987951807228916,1.1111111111111112e+53,0.0,0.5,0.7921649987795948,0,6,1,0
360756300,ALLIANCE FOR AUDITED MEDIA RETIREMENT INCOME PLAN,Multi Employer,0.0,4.0,84426.0,0.7006135550659749,0.8024096385542169,11111111111.0,2250.8226016243834,0.3333333333333333,0.7509653424300571,0,5,1,0
822551854,WINDOW SOLUTIONS 401(K) PLAN,Multi Employer,0.0,3.0,17060.0,0.5575615474794842,0.43132530120481927,111111.0,1240.999999999999,1.0,0.0,0,2,1,1
853324939,NUTRITION & BIOSCIENCES RETIREMENT SAVINGS PLAN,Multi Employer,0.0,1.0,7469.0,1.0,0.28433734939759037,1.1111111111111112e+53,0.0,1.0,1.0,0,7,1,0
760151437,"EAST TEXAS BANCSHARES, INC. HEALTH BENEFIT PLAN",Multi Employer,117.0,1.0,58988.0,1.0,0.7373493975903614,11111.0,0.0,1.0,1.0,0,7,1,0
832124345,CONSENSUS MEDICAL GROUP 401(K) PLAN,Multi Employer,219.0,1.0,12627.0,1.0,0.38072289156626504,1.0,0.0,1.0,1.0,0,6,1,0
60646829,UNIVERSITY OF SAINT JOSEPH 403(B) RETIREMENT PLAN FINAL,Multi Employer,0.0,1.0,10823.0,1.0,0.35903614457831323,11.0,0.0,1.0,1.0,0,7,1,0
42869823,"J & E PRECISION TOOL, LLC 401(K) PLAN",Multi Employer,178.0,1.0,0.0,0.0,0.02530120481927711,111.0,0.0,1.0,0.0,0,3,1,1
205702117,ASENSUS SURGICAL US INC. 401(K) PLAN,Multi Employer,0.0,1.0,29034.0,1.0,0.5590361445783133,1.1111111111111113e+42,0.0,1.0,0.0,0,5,1,0
273574174,HHDLA 401(K) PLAN,Multi Employer,0.0,1.0,24615.0,1.0,0.4987951807228916,0.0,0.0,1.0,0.0,0,4,1,0
20377419,"ICAD, INC 401K PROFIT SHARING PLAN",Multi Employer,0.0,2.0,525.0,1.0,0.0891566265060241,1.1111111111111112e+53,0.0,0.5,1.0,0,6,1,0
132621497,PPFA RETIREMENT PLAN,Multi Employer,509.0,1.0,920.0,1.0,0.1108433734939759,1.1111111111111112e+53,0.0,1.0,1.0,0,7,1,0
452874131,AMERICAN HEALTH CONNECTION INC 401(K) PROFIT SHARING PLAN & TRUST,Multi Employer,128.0,1.0,7057.0,1.0,0.27710843373493976,1111.0,0.0,1.0,0.0,0,5,1,0
520482550,SHEPHERD ELECTRIC COMPANY INC. 401(K) AND PROFIT SHARING PLAN,Multi Employer,0.0,2.0,10630.0,1.0,0.344578313253012,1.1111111111111112e+53,0.0,0.5,0.0,0,4,1,0
911006438,KARR TUTTLE CAMPBELL RETIREMENT SAVINGS PLAN AND TRUST,Multi Employer,0.0,5.0,160164.0,0.35959391623585824,0.9060240963855422,1111.0,3345.0,0.25,0.1077895157463599,0,2,1,1
920864736,"EVANS NETWORK SERVICES, INC. EMPLOYEE BENEFIT PLAN",Multi Employer,509.0,1.0,-282196.0,1.0,0.0024096385542168677,0.0,0.0,1.0,-0.0,0,4,1,0
232510674,"INDUSTRIAL SERVICE & INSTALLATION, INC. GROUP MEDICAL PLAN",Multi Employer,88.0,2.0,137157.0,0.7575770831966286,0.891566265060241,1.1111111111111113e+40,25.5,0.5,1.0,0,6,1,0
841113245,"MARK YOUNG CONSTRUCTION, LLC HEALTH AND WELFARE BENEFIT PLAN",Multi Employer,237.0,1.0,21387.0,1.0,0.472289156626506,11111.0,0.0,1.0,1.0,0,7,1,0
854270873,ELYSIAN 401(K) PLAN,Multi Employer,107.0,1.0,3143.0,1.0,0.1855421686746988,11111111111.0,0.0,1.0,1.0,0,7,1,0
113521426,"EPPENDORF NORTH AMERICA, INC. PROFIT SHARING PLAN",Multi Employer,0.0,2.0,44561.0,0.7823208635353784,0.6746987951807228,1.1111111111111112e+54,251.0,1.0,0.7823208635353784,0,7,1,0
581250243,COTTRELL INC. GROUP LIFE AND HEALTH INSURANCE PLAN,Multi Employer,946.0,6.0,770963.0,0.573873194952287,0.9903614457831326,12111.0,0.0,1.0,0.6768781381207658,0,5,1,0
455240671,"CDI SERVICES, INC. 401(K) RETIREMENT SAVINGS PLAN",Multi Employer,282.0,2.0,86212.0,1.0,0.8072289156626506,1.1111111111111113e+42,0.0,0.5,0.0,0,4,1,0
860950184,"WESTWIND SCHOOL OF AERONAUTICS, PHOENIX, LLC 401(K) PLAN",Multi Employer,0.0,1.0,310.0,1.0,0.07228915662650602,111.0,0.0,1.0,1.0,0,7,1,0
455586030,USA COMPRESSION 401(K) PLAN,Multi Employer,0.0,3.0,75946.0,0.6081689621573223,0.7879518072289157,1.1111111111111112e+53,0.0,0.3333333333333333,0.6081689621573223,0,3,1,1
472402229,"RGL FITNESS , LLC 401(K) PROFIT",Multi Employer,129.0,1.0,2739.0,1.0,0.1710843373493976,1.1111111111111113e+23,0.0,1.0,1.0,0,7,1,0
824225588,"WHC WORLDWIDE, LLC 401(K) RETIREMENT SAVINGS PLAN",Multi Employer,177.0,1.0,11627.0,1.0,0.3686746987951807,0.0,0.0,1.0,0.0,0,4,1,0
942576059,"HOPE HOSPICE, INC. RETIREMENT PLAN",Multi Employer,0.0,2.0,6310.0,0.8331220285261489,0.25542168674698795,0.0,0.0,1.0,0.0,0,4,1,0
800004006,FRIESLANDCAMPINA RETIREMENT SAVINGS PLAN,Multi Employer,0.0,1.0,330.0,1.0,0.0746987951807229,1.0,0.0,1.0,1.0,0,6,1,0
611756067,ATRIUM HOSPITALITY LP 401(K) PLAN,Multi Employer,4822.0,4.0,887567.0,0.9300334509958121,0.9927710843373494,1.111112111111212e+31,2005.0833326993743,0.5,0.8297534028758241,0,6,1,0
472817157,"LYNDRA, INC. 401(K) PLAN",Multi Employer,0.0,10.0,27860.0,1.0,0.5493975903614458,1.1111211111111112e+57,3723.406655341567,0.1428571428571428,1.0,0,5,1,0
381067560,WEST SHORE BANK EMPLOYEES SAVINGS & PROFIT SHARING PLAN,Multi Employer,0.0,1.0,8833.0,1.0,0.30843373493975906,1.1111111111111113e+42,0.0,1.0,0.0,0,5,1,0
204707579,WEST COAST CODE CONSULTANTS INC. 401K PLAN,Multi Employer,115.0,4.0,41220.0,1.0,0.6506024096385542,1.1111111111111112e+21,828.1014619883034,0.3333333333333333,0.0,0,3,1,1
850106941,CHRISTUS ST. VINCENT RETIREMENT PLAN,Multi Employer,2361.0,2.0,34568.0,1.0,0.6096385542168675,1.1111111111111112e+53,0.0,0.5,1.0,0,6,1,0
832783957,AVENTURA HEALTH GROUP LLC 401(K) PLAN,Multi Employer,2087.0,4.0,27508.0,0.36353060927730113,0.5421686746987951,1.1111111111111111e+49,3812.70114472052,0.3333333333333333,0.2471158188611077,0,1,1,1
331097329,"STC MANAGEMENT, LLC HEALTH BENEFIT PLAN",Multi Employer,86.0,4.0,75478.0,0.42396459895598715,0.7855421686746988,2.1111111111211114e+42,73.5,0.5,0.9339940115000398,0,3,1,1
465766063,"FMC SERVICES, LLC. HEALTH BENEFIT PLAN",Multi Employer,254.0,1.0,117227.0,1.0,0.8698795180722891,11111.0,0.0,1.0,1.0,0,7,1,0
954049363,SECURE TRANSPORTATION 401(K) PLAN,Multi Employer,0.0,8.0,42879.0,1.0,0.6650602409638554,1.1111111111111112e+54,108.16666666666671,0.1428571428571428,1.0,0,5,1,0
920114113,AIR CENTER HELICOPTERS HEALTH BENEFIT ACCOUNT,Multi Employer,113.0,3.0,102165.0,0.4673028923799736,0.8457831325301205,111111.0,240.0,1.0,0.4673028923799736,0,2,1,1
820538459,"R/W CONNECTION, INC. EMPLOYEE BENEFIT PLAN",Multi Employer,57.0,2.0,949.0,1.0,0.11325301204819277,2.1121222112111206e+39,0.0,1.0,1.0,0,7,1,0
263757892,"TRIBAL MANUFACTURING, INC. 401(K) PLAN",Multi Employer,0.0,1.0,270.0,1.0,0.06746987951807229,111111111.0,0.0,1.0,1.0,0,7,1,0
540499731,CARPENTER CO. PROFIT-SHARING PLAN,Multi Employer,0.0,3.0,41608.0,0.5858248413766584,0.6578313253012048,111.0,0.0,0.3333333333333333,0.0,0,1,1,1
521447069,WESTMINSTER-CANTERBURY OF THE BLUE RIDGE 403(B) PLAN,Multi Employer,286.0,2.0,211047.0,0.9841030670893214,0.9253012048192771,111111.0,0.0,1.0,0.0,0,6,1,0
260071475,BDP & BEAVERS HOLDINGS RETIREMENT SAVINGS PLAN,Multiple Employer,310.0,3.0,100173.0,0.5000549050143253,0.8361445783132531,1.1111111111111112e+56,1082.4742979242988,0.3333333333333333,0.4275053760378245,0,1,1,1
271521006,"CAMBRIDGE INSTITUTE OF CHINA BUSINESS RESEARCH, INC. 401(K) PLAN",Multi Employer,86.0,2.0,15862.0,1.0,0.41204819277108434,1.1111111111111112e+54,259.82626132037853,1.0,1.0,0,7,1,0
920154693,"LAWLEY MOTORS, LLC 401(K) PLAN",Multi Employer,0.0,1.0,27212.0,1.0,0.5373493975903615,0.0,0.0,1.0,0.0,0,4,1,0
270061167,"WEST TREE SERVICE, INC 401(K) PLAN",Multi Employer,348.0,1.0,5823.0,1.0,0.24096385542168675,1.1111111111111113e+42,0.0,1.0,0.0,0,5,1,0
956419205,SANSUM CLINIC MATCH PLAN,Multi Employer,0.0,1.0,30361.0,1.0,0.5783132530120482,0.0,0.0,1.0,1.0,0,6,1,0
440663509,KANSAS CITY SOUTHERN 401(K) AND PROFIT SHARING PLAN,Multi Employer,0.0,3.0,74449.0,0.6396727961423256,0.7807228915662651,1.1121121112111112e+54,3555.0,0.5,0.912691909898051,0,3,1,1
831334174,CEREVEL THERAPEUTICS LLC 401(K) PLAN,Multi Employer,0.0,1.0,2355.0,1.0,0.1614457831325301,11111111111111.0,0.0,1.0,0.0,0,5,1,0
821663150,LOUDPACK RETIREMENT SAVINGS PLAN 401(K) & TRUST,Multi Employer,0.0,1.0,1460.0,1.0,0.13734939759036144,1111.0,0.0,1.0,1.0,0,7,1,0
520849036,"ADRIAN L. MERTON, INCORPORATED PROFIT SHARING PLAN",Multi Employer,107.0,2.0,59243.0,0.9679287004371825,0.7397590361445783,1111.0,1475.999999999999,1.0,0.9679287004371824,0,7,1,0
582644728,PUBLISHER SERVICES LLC GROUP MEDICAL PLAN,Multi Employer,57.0,3.0,86714.0,0.5690776575870101,0.8096385542168675,1.1211111111111111e+39,0.0,0.5,0.5690776575870101,0,3,1,1
42726691,"IMMUNOGEN, INC. 401(K) PLAN AND TRUST",Multi Employer,0.0,3.0,36898.0,0.6917990134966665,0.6265060240963856,1.1121121112111112e+54,346.0866772116775,0.5,1.0,0,3,1,1
471923111,"TIE, LLC DBA CHICK-FIL-A AT ST. AUGUSTINE 401(K) PLAN",Multi Employer,0.0,2.0,5469.0,0.596269884805266,0.2216867469879518,111.0,251.00000000000003,1.0,1.0,0,5,1,0
750972825,BRUCKNER TRUCK SALES HEALTH BENEFIT PLAN,Multi Employer,1368.0,3.0,654445.0,0.8560108183269793,0.9879518072289156,11111.0,0.0,1.0,0.8560108183269793,0,7,1,0
810887998,LEDVANCE LLC PENSION PLAN,Multi Employer,139.0,5.0,321619.0,0.4312525068481651,0.9566265060240964,11.0,251.00000000000009,0.5,0.3263395508349942,0,2,1,1
860194009,WATSON CHEVROLET WELFARE PLAN,Multi Employer,121.0,2.0,129322.0,0.7558574720465195,0.8843373493975903,0.0,0.0,1.0,0.2441425279534804,0,4,1,0
541189694,"SECURIGUARD, INC. RETIREMENT",Multi Employer,783.0,3.0,82170.0,0.6322258731897286,0.7951807228915663,2.1111121111122112e+27,962.4870938303212,0.5,1.0,0,3,1,1
310646123,"COCONIS FURNITURE, INC. EMPLOYEE BENEFIT PLAN",Multi Employer,27.0,2.0,37208.0,0.844307675768652,0.6289156626506024,1.1211111111111111e+39,0.0,1.0,0.844307675768652,0,7,1,0
840467208,NATIONAL WESTERN LIFE INSURANCE COMPANY 401(K) PLAN,Multi Employer,0.0,1.0,2743.0,1.0,0.17349397590361446,1.0,0.0,1.0,1.0,0,6,1,0
630961496,"SABEL STEEL SERVICE, INC. EMPLOYEE BENEFIT PLAN AND TRUST",Multi Employer,409.0,1.0,244851.0,1.0,0.944578313253012,1.0,0.0,1.0,1.0,0,7,1,0
363051915,AON BENEFIT PLAN,Multi Employer,12743.0,2.0,81719.0,0.8284976566037274,0.7927710843373494,1.0,0.0,1.0,0.1507024586051179,0,4,1,0
203160292,"AXIA CONSULTING, INC. 401(K) PROFIT SHARING PLAN",Multi Employer,0.0,2.0,8600.0,0.872093023255814,0.3036144578313253,1.1111111111111113e+60,2859.878321841555,0.5,1.0,0,6,1,0
20478308,"FOUR SEASONS ORTHOPEDIC CENTER, PA 401K PLAN",Multi Employer,0.0,4.0,45415.0,0.4371903556093802,0.6843373493975904,1.112111112111111e+53,0.0,0.3333333333333333,0.5320266272189349,0,3,1,1
472467773,"PACIFIC PROGRAM MANAGEMENT GROUP, LLC 401(K)",Multi Employer,0.0,1.0,10459.0,1.0,0.3397590361445783,11111111111111.0,0.0,1.0,0.0,0,5,1,0
351597954,"ALPHA SYSTEMS, INC. EMPLOYEES' RETIREMENT PLAN",Multi Employer,0.0,1.0,6729.0,1.0,0.2674698795180723,1.1111111111111113e+23,0.0,1.0,1.0,0,7,1,0
264773205,THREE VALLEY INVESTMENTS 401K PLAN,Multi Employer,157.0,2.0,290.0,1.0,0.06987951807228916,1.111111112211112e+24,2.3361111111111112,1.0,1.0,0,7,1,0
463235190,MONARCH HOSPITALITY GROUP LLC,Multi Employer,100.0,1.0,1440.0,1.0,0.13253012048192772,1.1111111111111113e+23,0.0,1.0,1.0,0,7,1,0
990113530,MARUKAI CORPORATION 401(K) PROFIT SHARING PLAN,Multi Employer,0.0,2.0,35183.0,0.7273399084785266,0.6144578313253012,1.1111111111111212e+54,259.82626132037853,1.0,1.0,0,7,1,0
261441129,"NATIONAL FLEET MANAGEMENT,INC. 401(K) AND PROFIT SHARING",Multi Employer,61.0,1.0,6332.0,1.0,0.25783132530120484,1.0,0.0,1.0,1.0,0,6,1,0
410754368,"DCI, INC. 2013 AMENDED AND RESTATED EMPLOYEE STOCK OWNERSHIP PLAN",Multi Employer,103.0,1.0,5093.0,1.0,0.21927710843373494,11.0,0.0,1.0,0.0,0,5,1,0
436216677,SICKNESS & ACCIDENT INSURANCE FUND OF LOCAL 235 GRAPHIC COMMUNICATIONS,Single Employer,,1.0,6021.0,1.0,0.25060240963855424,0.0,0.0,1.0,0.0,0,4,1,0
412168248,PORT NEWARK MAINTENANCE & REPAIR 401(K) PLAN,Multi Employer,127.0,1.0,0.0,0.0,0.02530120481927711,111111111.0,0.0,1.0,0.0,0,3,1,1
141442607,"BST & CO. CPAS, LLP 401(K) PLAN",Multi Employer,0.0,2.0,56619.0,0.7336229887493597,0.727710843373494,1.0,0.0,1.0,0.6481183360164252,0,6,1,0
274034515,"DEFINED BENEFIT PENSION PLAN FOR CLASSIFIED SALARIED EMPLOYEES OF TRUCK-LITE CO., LLC",Multi Employer,0.0,2.0,41300.0,0.7276029055690073,0.653012048192771,1111.0,0.0,0.5,1.0,0,6,1,0
931049977,THE DALLAS GLASS 401(K) RETIREMENT PLAN,Multi Employer,69.0,1.0,20622.0,1.0,0.45542168674698796,11111111111.0,0.0,1.0,1.0,0,7,1,0
462819181,"JAMES RIVER HOME HEALTH CARE, LLC GROUP MEDICAL PLAN",Multi Employer,110.0,4.0,73485.0,0.474382527046336,0.7734939759036145,2.121111111211112e+39,0.0,0.5,0.771504388650745,0,3,1,1
453506561,FNA & SUBSIDIARIES 401(K) PLAN,Multi Employer,1299.0,1.0,280298.0,1.0,0.9493975903614458,1.1111111111111113e+42,0.0,1.0,0.0,0,6,1,0
251659394,"HELLER'S HOME & HARDWARE, INC. EMPLOYEE BENEFIT PLAN (501)",Multi Employer,21.0,2.0,29497.0,0.7326168762925043,0.5686746987951807,1.1111111111111112e+39,0.0,0.5,1.0,0,6,1,0
460406130,"HEGG COMPANIES, INC 401K PROFIT",Multi Employer,261.0,2.0,16217.0,1.0,0.41686746987951806,1.111211111211112e+24,2.3361111111111112,1.0,1.0,0,7,1,0
263271894,"BROADPATH, LLC 401(K) PLAN",Multi Employer,0.0,1.0,30598.0,1.0,0.5807228915662651,0.0,0.0,1.0,1.0,0,6,1,0
940382325,HILLBROOK SCHOOL DEFINED CONTRIBUTION RETIREMENT PLAN,Multi Employer,0.0,1.0,10314.0,1.0,0.3349397590361446,111111.0,0.0,1.0,0.0,0,5,1,0
470660406,"GRAND ISLAND EXPRESS, INC. 401(K) PROFIT SHARING",Multi Employer,0.0,2.0,31383.0,0.6656470063410127,0.5903614457831325,0.0,0.0,1.0,0.0,0,2,1,1
112434167,"VANTAGE CUSTOM CLASSICS, INC.",Multi Employer,360.0,2.0,0.0,0.0,0.02530120481927711,0.0,0.0,1.0,0.0,0,2,1,1
560754594,"AMERICAN TIRE DISTRIBUTORS, INC. RETIREMENT PLAN",Multi Employer,0.0,3.0,454999.0,0.8019600043077018,0.9662650602409638,11111111111111.0,1111.429718973836,0.5,0.8822107301334728,0,6,1,0
362448028,JACKSON PARK HOSPITAL FOUNDATION PENSION PLAN,Multi Employer,19.0,1.0,10865.0,1.0,0.3614457831325301,0.0,0.0,1.0,0.0,0,4,1,0
810560289,SURGICAL NOTES 401(K) PLAN,Multi Employer,0.0,2.0,19222.0,0.617573613567787,0.44819277108433736,1111111111111111.0,960.4575826134654,1.0,1.0,0,5,1,0
270026665,"CERTASITE, LLC 401(K) P/S PLAN",Multi Employer,285.0,1.0,0.0,0.0,0.02530120481927711,11.0,0.0,1.0,0.0,0,3,1,1
431118328,"TOROTEL PRODUCTS, INC. 401(K) SAVINGS PLAN",Multi Employer,0.0,3.0,2089.0,0.9176639540449976,0.1566265060240964,1.1111111111111112e+18,352.9783001995723,0.5,1.0,0,5,1,0
411892770,LOGIC INFORMATION SYSTEMS 401(K),Multi Employer,0.0,3.0,21102.0,0.6543929485356839,0.4674698795180723,1.111211111211112e+24,2.3361111111111112,1.0,0.6543929485356839,0,4,1,0
204755074,COLORADO POWERLINE INC. WELFARE PLAN,Multi Employer,128.0,1.0,141184.0,1.0,0.8987951807228916,0.0,0.0,1.0,0.0,0,4,1,0
223337602,SMART IMS 401(K) PLAN,Multi Employer,147.0,1.0,6941.0,1.0,0.27228915662650605,1.1111111111111113e+23,0.0,1.0,1.0,0,7,1,0
20681934,ESI-US HOLDINGS 401(K) PLAN,Multi Employer,0.0,2.0,25992.0,0.8975838719606033,0.5204819277108433,1.1111111111111112e+53,0.0,1.0,0.1024161280393967,0,5,1,0
452687695,ASSOCIATIONS OF TEXAS MEP,Multi Employer,0.0,2.0,4371.0,0.6511095859071151,0.20481927710843373,111111.0,0.0,0.5,0.6511095859071151,0,4,1,0
823615975,EDEN HC 401(K) PLAN,Multi Employer,533.0,2.0,1450.0,1.0,0.13493975903614458,11111111111.0,0.0,0.5,0.0,0,4,1,0
854341178,NEW FRONTIER MATERIALS - 401(K) PLAN - UNION,Multi Employer,177.0,2.0,13533.0,0.5019581763097614,0.38795180722891565,111111.0,0.0,0.5,1.0,0,4,1,0
474222697,"CFM BENEFITS, LLC EMPLOYEE BENEFIT PLAN (502)",Multi Employer,0.0,2.0,635.0,1.0,0.0963855421686747,1.1211111111111111e+39,0.0,1.0,1.0,0,7,1,0
942625117,"MOUNTZ, INC. EMPLOYEE STOCK OWNERSHIP PLAN AND TRUST",Multi Employer,0.0,2.0,26330.0,0.7246486897075579,0.5277108433734939,0.0,0.0,1.0,0.0,0,4,1,0
814981134,CORVUS INSURANCE HOLDINGS 401(K) PLAN,Multi Employer,0.0,1.0,255.0,1.0,0.06506024096385542,11111111111111.0,0.0,1.0,0.0,0,5,1,0
132922204,CABLE & WIRELESS COMMUNICATIONS 401(K) PLAN,Multi Employer,0.0,2.0,31174.0,0.7610187977160454,0.5855421686746988,1.1111211121111112e+53,0.0,1.0,1.0,0,7,1,0
465174246,"CHARLOTTE TILBURY BEAUTY, INC. 401K & PS PLAN",Multi Employer,87.0,1.0,914.0,1.0,0.10843373493975904,1.1111111111111113e+23,0.0,1.0,1.0,0,7,1,0
454826718,FAHERTY 401(K) PLAN,Multi Employer,244.0,1.0,6999.0,1.0,0.2746987951807229,0.0,0.0,1.0,0.0,0,4,1,0
42510895,GREATER SPRINGFIELD SENIOR SERVICES 403(B) THRIFT PLAN,Multi Employer,230.0,2.0,44935.0,1.0,0.6795180722891566,1.1111111111111112e+46,2076.5825951825927,0.5,0.0,0,4,1,0
320464445,IRONSHORE PHARMACEUTICALS INC.,Multi Employer,0.0,1.0,16262.0,1.0,0.41927710843373495,1.1111111111111113e+23,0.0,1.0,1.0,0,7,1,0
390362010,HUEBSCH LAUNDRY CO. 401(K) PROFIT SHARING PLAN,Multi Employer,0.0,2.0,56232.0,0.8057156067719448,0.7228915662650602,11111111111.0,0.0,0.5,0.8057156067719448,0,6,1,0
43481758,VIRTUAL INCORPORATED 401(K) PLAN,Multi Employer,0.0,2.0,26199.0,0.7546852933318066,0.5253012048192771,1.1111111111111111e+55,876.3333333333351,1.0,1.0,0,7,1,0
237015826,WESTERN ARKANSAS COUNSELING & GUIDANCE CENTER HEALTH & WELFARE BENEFITS PLAN,Multi Employer,203.0,1.0,5571.0,1.0,0.22409638554216868,11111.0,0.0,1.0,1.0,0,7,1,0
260455770,AXIA FINANCIAL 401(K) PLAN,Multi Employer,0.0,2.0,567.0,1.0,0.09156626506024096,11111111111.0,39.923786181139135,1.0,1.0,0,7,1,0
592087222,"GALEANA CHRYSLER JEEP, INC. FL 401(K) PLAN",Multi Employer,155.0,1.0,2824.0,1.0,0.17590361445783131,0.0,0.0,1.0,0.0,0,4,1,0
470390618,HEARTLAND FAMILY SERVICE RETIREMENT PLAN,Multi Employer,0.0,1.0,31253.0,1.0,0.5879518072289157,11111111.0,0.0,1.0,1.0,0,7,1,0
421206172,"MIDWESTONE FINANCIAL GROUP, INC. EMPLOYEE STOCK OWNERSHIP PLAN AND TRUST",Multi Employer,0.0,1.0,17239.0,1.0,0.43373493975903615,1.1111111111111112e+53,0.0,1.0,1.0,0,7,1,0
232290246,THE CEI GROUP 401(K) PROFIT SHARING PLAN,Multi Employer,0.0,1.0,5673.0,1.0,0.23132530120481928,11111111111111.0,0.0,1.0,0.0,0,5,1,0
742998462,CASA MECHANICAL SERVICES 401K RETIREMENT PLAN,Multi Employer,0.0,1.0,0.0,0.0,0.02530120481927711,1111.0,0.0,1.0,0.0,0,3,1,1
752694563,INDEPENDENT FINANCIAL 401(K) PROFIT SHARING PLAN,Multi Employer,0.0,2.0,101393.0,0.6793467004625566,0.8409638554216867,1.1111111111111111e+55,1840.473724228986,1.0,1.0,0,5,1,0
232351964,"KOST TIRE DISTRIBUTORS, INC. EMPLOYEE SAVINGS RETIREMENT PLAN AND TRUST",Multi Employer,188.0,1.0,50.0,1.0,0.046987951807228916,11111111111.0,0.0,1.0,1.0,0,7,1,0
60726489,"STAR INC., LIGHTING THE WAY 401(K) PLAN",Multi Employer,194.0,2.0,4188.0,1.0,0.20240963855421687,1.1111111111111112e+53,0.0,0.5,1.0,0,6,1,0
